day,pressure,maxtemp,temparature,mintemp,dewpoint,humidity,cloud,rainfall,sunshine,winddirection,windspeed
1,1025.9,19.9,18.3,16.8,13.1,72,49,yes,9.3,80.0,26.3
2,1022.0,21.7,18.9,17.2,15.6,81,83,yes,0.6,50.0,15.3
3,1019.7,20.3,19.3,18.0,18.4,95,91,yes,0.0,40.0,14.2
4,1018.9,22.3,20.6,19.1,18.8,90,88,yes,1.0,50.0,16.9
5,1015.9,21.3,20.7,20.2,19.9,95,81,yes,0.0,40.0,13.7
6,1018.8,24.3,20.9,19.2,18.0,84,51,yes,7.7,20.0,14.5
7,1021.8,21.4,18.8,17.0,15.0,79,56,no,3.4,30.0,21.5
8,1020.8,21.0,18.4,16.5,14.4,78,28,no,7.7,60.0,14.3
9,1020.6,18.9,18.1,17.1,14.3,78,79,no,3.3,70.0,39.3
10,1017.5,18.5,18.0,17.2,15.5,85,91,yes,0.0,70.0,37.7
11,1016.5,20.4,18.1,16.5,16.4,90,90,yes,2.1,40.0,23.3
12,1019.9,18.5,17.3,16.1,13.7,79,86,no,0.6,20.0,23.9
13,1020.8,18.7,16.1,14.2,12.1,77,34,no,9.1,30.0,24.4
14,1019.3,17.5,16.5,15.6,12.9,79,81,yes,1.5,60.0,33.2
15,1015.4,16.1,15.1,14.5,14.6,97,97,yes,0.0,50.0,37.5
16,1013.5,17.1,16.4,15.5,15.6,95,93,yes,0.0,60.0,40.0
17,1011.5,20.6,17.8,14.8,16.1,90,79,yes,1.6,20.0,23.4
18,1017.1,17.8,15.2,11.9,11.1,76,49,no,3.9,50.0,28.4
19,1020.1,17.6,16.4,15.3,12.5,78,84,no,1.0,60.0,38.0
20,1019.6,16.8,15.5,14.8,13.9,90,92,yes,0.0,70.0,50.6
21,1017.7,17.1,16.1,15.1,15.3,95,100,yes,0.0,50.0,26.2
22,1018.9,16.2,14.1,10.3,12.9,92,100,yes,0.0,50.0,35.3
23,1027.1,10.4,8.5,7.0,3.4,70,95,yes,0.0,20.0,55.5
24,1034.6,7.1,4.9,3.1,2.2,61,96,yes,0.0,20.0,59.5
25,1032.6,10.8,7.4,4.3,3.7,46,25,no,10.1,20.0,28.7
26,1027.1,13.5,10.4,8.1,2.5,59,85,yes,0.4,20.0,21.3
27,1022.7,15.3,13.0,9.8,11.6,92,95,yes,0.2,20.0,29.6
28,1018.2,17.4,16.1,14.8,15.7,98,100,yes,0.0,60.0,28.8
29,1017.9,17.4,16.6,15.9,15.9,96,91,yes,0.2,50.0,25.0
30,1020.0,19.9,17.6,16.2,15.5,88,80,no,3.3,50.0,21.2
31,1019.9,16.2,15.7,15.3,13.4,86,93,yes,0.1,70.0,43.1
1,1022.2,15.6,12.4,10.7,11.2,93,96,yes,0.0,20.0,31.9
2,1024.4,11.2,10.4,9.4,6.8,79,94,yes,0.0,10.0,27.3
3,1023.6,14.3,12.5,10.3,8.6,77,88,yes,0.3,40.0,21.3
4,1021.8,18.8,15.2,13.3,10.9,76,45,no,9.2,40.0,9.1
5,1021.2,18.6,14.8,12.3,8.4,66,18,no,10.1,20.0,24.4
6,1024.9,17.4,13.6,11.2,0.3,39,13,no,10.2,20.0,44.7
7,1026.1,18.1,13.7,9.9,1.7,36,2,no,10.2,20.0,20.5
8,1023.9,19.6,14.8,11.6,4.3,52,0,no,10.2,40.0,16.7
9,1020.8,21.2,16.7,12.7,7.2,54,29,no,10.2,40.0,17.2
10,1017.5,17.3,16.6,15.3,9.8,64,77,yes,0.1,40.0,22.0
11,1014.9,22.4,18.8,17.2,16.4,86,80,yes,2.4,40.0,15.8
12,1013.4,21.6,19.2,17.6,18.5,95,86,yes,0.6,30.0,13.9
13,1012.5,25.9,23.1,21.3,21.1,89,76,no,3.5,200.0,10.2
14,1014.8,24.6,21.7,17.4,18.1,81,82,yes,3.9,20.0,15.3
15,1024.3,17.5,13.2,11.4,6.6,64,88,yes,0.0,20.0,33.5
16,1025.4,15.1,12.8,10.9,6.0,63,89,no,0.7,20.0,23.5
17,1024.1,14.4,12.9,11.6,8.9,77,91,yes,0.0,20.0,19.2
18,1021.9,15.0,13.7,11.7,11.8,89,95,yes,0.0,40.0,18.6
19,1020.3,16.3,15.3,14.6,13.3,88,94,yes,0.0,40.0,22.2
20,1023.2,20.1,16.0,12.5,9.6,67,55,yes,5.9,20.0,23.9
21,1022.2,15.9,15.0,14.7,11.0,77,82,yes,0.0,70.0,44.7
22,1020.6,17.6,16.1,14.6,14.7,91,88,yes,0.3,50.0,24.4
23,1022.3,16.7,15.5,13.7,14.3,92,88,yes,0.0,20.0,19.3
24,1027.5,15.5,13.7,12.3,10.0,78,88,yes,0.0,20.0,28.0
25,1028.9,16.8,14.8,13.5,10.5,76,87,no,0.1,20.0,20.4
26,1027.4,17.6,15.2,14.0,11.6,79,88,yes,0.2,30.0,15.2
27,1024.7,17.5,15.5,13.8,11.7,79,79,yes,5.0,20.0,9.1
28,1023.8,20.9,16.6,13.3,11.5,72,49,no,9.5,20.0,9.2
29,1024.4,24.8,18.5,14.4,10.1,61,19,no,10.7,40.0,16.9
1,1024.7,19.7,16.5,14.6,11.5,73,43,no,9.9,70.0,34.2
2,1023.8,20.6,16.6,14.4,11.4,72,32,no,10.6,60.0,27.1
3,1020.9,23.8,18.7,15.4,14.0,75,46,no,10.0,40.0,14.7
4,1018.1,23.2,20.2,18.1,16.9,82,71,no,3.0,40.0,15.4
5,1016.7,23.1,20.8,19.2,16.9,79,83,yes,0.5,30.0,13.3
6,1015.8,25.9,21.8,19.2,18.0,79,72,no,7.6,220.0,6.6
7,1014.9,21.3,19.7,18.9,18.2,91,76,yes,0.0,40.0,13.8
8,1012.5,21.5,20.1,18.9,18.9,93,88,no,0.3,40.0,15.3
9,1012.5,22.9,20.8,17.1,19.9,95,88,yes,0.6,50.0,15.1
10,1019.5,17.2,13.4,10.0,12.2,93,93,yes,0.0,20.0,39.7
11,1022.6,14.3,11.9,10.0,8.0,77,93,yes,0.0,20.0,25.0
12,1017.7,14.5,13.6,12.7,11.4,87,100,yes,0.0,50.0,36.0
13,1014.5,17.0,15.8,14.4,15.1,96,99,yes,0.0,50.0,22.8
14,1018.0,16.5,15.3,14.2,12.4,83,89,yes,1.1,20.0,26.7
15,1017.1,15.5,14.8,14.0,11.1,79,94,yes,0.0,70.0,38.0
16,1015.0,16.3,15.3,14.1,13.6,90,100,yes,0.0,60.0,33.2
17,1014.3,17.4,16.5,15.6,16.0,97,97,yes,0.0,50.0,26.5
18,1012.0,21.9,19.5,17.2,19.0,97,92,yes,0.1,30.0,13.1
19,1013.0,24.9,22.4,20.3,21.4,94,85,yes,1.5,40.0,12.5
20,1014.7,23.1,19.0,17.6,17.4,91,96,yes,0.0,50.0,28.0
21,1014.8,18.2,17.1,16.4,16.3,95,95,yes,0.1,60.0,38.3
22,1013.4,17.3,16.6,15.9,16.0,96,100,yes,0.0,50.0,33.5
23,1012.8,20.6,18.4,17.1,18.0,97,95,yes,0.6,40.0,22.0
24,1020.2,17.7,15.3,12.7,14.9,98,99,yes,0.0,70.0,42.0
25,1023.9,15.7,13.7,11.6,9.2,75,88,yes,0.2,20.0,19.4
26,1023.6,20.2,15.8,12.6,9.8,68,22,no,11.1,70.0,13.4
27,1024.1,22.4,17.3,14.6,8.4,58,19,no,11.1,30.0,14.6
28,1024.1,19.9,16.9,15.2,10.0,65,58,no,5.6,60.0,26.9
29,1021.4,19.4,17.7,15.7,9.6,59,74,yes,2.4,50.0,20.5
30,1018.3,22.2,20.0,18.4,16.3,79,89,yes,2.4,40.0,14.8
31,1015.3,25.5,21.5,19.1,18.9,86,83,no,6.1,50.0,4.5
1,1014.5,25.3,21.9,19.9,19.5,86,83,no,3.6,50.0,8.3
2,1015.6,23.8,21.3,19.8,19.6,90,81,yes,1.5,40.0,14.5
3,1014.6,26.5,23.0,21.0,20.7,87,88,no,2.3,50.0,9.2
4,1012.5,28.1,23.6,20.7,21.4,88,84,yes,2.2,120.0,8.0
5,1013.3,24.4,22.3,20.7,20.8,91,78,yes,1.0,40.0,14.8
6,1013.3,26.5,23.1,21.5,21.6,91,83,no,6.9,70.0,20.0
7,1013.2,26.9,23.9,22.4,22.3,91,84,no,1.8,40.0,10.0
8,1013.3,27.9,25.3,23.2,22.9,87,84,yes,2.5,40.0,9.1
9,1011.6,27.5,25.7,24.4,23.2,86,88,yes,1.2,200.0,17.3
10,1009.2,26.3,23.3,21.3,21.9,92,93,yes,0.0,190.0,20.5
11,1010.1,22.8,21.5,20.1,19.9,91,89,yes,0.0,70.0,31.8
12,1009.1,21.3,20.3,19.9,19.3,94,88,yes,0.0,70.0,29.8
13,1005.5,25.1,21.8,20.9,21.6,98,93,yes,0.0,40.0,14.5
14,1008.5,25.2,23.1,21.6,22.8,98,88,yes,0.0,30.0,11.2
15,1011.4,23.5,21.1,20.6,20.6,97,88,yes,0.0,30.0,20.0
16,1010.5,28.1,24.7,20.6,22.7,89,81,yes,3.5,210.0,15.3
17,1010.9,27.5,25.9,24.1,24.2,90,86,yes,1.1,190.0,16.0
18,1014.4,26.7,23.1,20.1,20.8,87,81,yes,1.2,80.0,19.6
19,1017.4,21.8,20.5,20.1,18.1,86,88,yes,0.0,70.0,35.3
20,1014.6,22.9,21.6,20.2,19.5,88,89,yes,0.2,40.0,20.9
21,1012.5,28.4,24.6,22.0,22.3,87,80,yes,4.8,30.0,7.3
22,1010.7,26.1,23.7,21.0,22.0,90,81,yes,1.0,300.0,11.1
23,1008.2,27.7,24.9,22.6,22.8,88,81,yes,0.3,240.0,13.0
24,1008.7,26.1,24.4,23.2,23.2,93,84,yes,1.4,190.0,8.5
25,1009.8,28.4,26.0,23.9,24.3,90,83,yes,3.1,180.0,13.0
26,1009.5,28.5,27.2,26.0,24.5,86,87,yes,1.3,200.0,24.2
27,1008.2,29.1,26.8,25.4,24.0,85,83,yes,3.6,230.0,20.2
28,1010.4,28.2,26.0,24.7,23.0,84,78,yes,4.6,50.0,12.5
29,1013.9,26.3,24.1,22.9,19.6,76,68,yes,6.0,90.0,30.5
30,1012.2,23.4,22.5,20.8,18.7,80,89,yes,0.3,60.0,27.0
1,1011.5,23.4,22.2,20.4,20.9,92,90,yes,0.5,50.0,23.7
2,1011.0,29.8,25.6,22.8,23.6,89,82,yes,2.0,50.0,11.1
3,1011.4,30.8,26.5,22.8,23.9,86,84,yes,3.1,220.0,11.8
4,1011.4,28.2,25.8,23.2,23.4,87,82,yes,2.7,40.0,9.2
5,1010.5,30.9,28.1,26.2,25.1,84,85,no,2.0,180.0,15.4
6,1009.9,30.5,28.4,27.2,25.3,83,84,no,2.9,190.0,15.5
7,1010.6,31.0,28.7,27.1,25.1,81,69,no,4.7,170.0,12.1
8,1011.4,31.2,28.7,27.3,25.2,82,80,no,3.8,150.0,9.5
9,1010.1,30.6,28.7,26.9,25.0,81,69,no,3.9,170.0,16.3
10,1008.1,28.4,26.6,23.7,24.3,87,84,yes,0.3,220.0,12.0
11,1008.6,28.8,25.5,23.4,20.6,75,62,no,8.8,80.0,26.0
12,1009.8,27.6,25.1,23.7,21.4,80,78,yes,5.0,70.0,28.6
13,1012.4,27.8,25.5,24.4,22.2,82,88,yes,1.2,50.0,24.9
14,1014.2,27.7,25.4,24.0,23.4,89,86,yes,2.8,70.0,28.3
15,1012.1,29.8,26.6,24.4,23.7,85,75,yes,7.7,50.0,15.7
16,1011.2,27.1,24.8,22.5,19.4,73,69,yes,7.2,10.0,21.9
17,1012.3,24.6,23.7,23.2,20.1,80,86,yes,0.3,80.0,39.5
18,1012.0,26.3,24.5,23.4,19.9,76,79,no,4.8,70.0,30.3
19,1009.9,28.1,25.5,24.0,22.5,84,85,yes,3.5,70.0,26.4
20,1006.9,26.2,25.2,24.3,24.2,94,88,yes,0.1,40.0,22.3
21,1005.9,28.3,26.5,24.7,24.3,88,77,yes,1.9,230.0,25.9
22,1007.8,30.8,27.2,25.3,22.7,77,63,no,5.6,20.0,11.3
23,1008.4,28.9,26.8,24.8,23.2,81,65,yes,6.4,20.0,7.9
24,1007.9,30.7,27.5,25.4,24.1,82,61,yes,7.6,180.0,7.4
25,1007.8,30.9,28.0,26.2,24.7,82,62,yes,8.8,100.0,16.2
26,1007.6,29.5,27.6,26.7,24.8,85,84,yes,1.8,70.0,34.8
27,1006.4,29.1,27.5,26.0,25.5,89,88,yes,1.2,130.0,32.5
28,1007.6,30.3,27.7,24.5,25.6,89,89,yes,1.2,200.0,24.0
29,1007.9,31.0,29.1,27.2,26.1,84,77,yes,3.6,210.0,19.0
30,1008.8,32.1,29.8,28.0,26.0,80,73,yes,9.8,220.0,22.8
31,1009.5,31.8,29.9,28.7,25.7,79,72,no,7.0,220.0,25.2
1,1007.8,32.8,30.1,28.6,26.2,80,73,no,7.2,230.0,31.7
2,1006.0,33.0,30.3,28.7,26.3,79,58,no,10.0,230.0,27.4
3,1006.5,32.4,30.3,29.0,26.5,80,77,yes,5.2,220.0,28.8
4,1007.9,33.8,28.7,24.7,25.4,83,75,yes,5.5,220.0,20.8
5,1008.8,30.4,26.9,25.0,24.3,86,87,yes,0.7,20.0,9.8
6,1008.8,29.1,26.2,24.8,24.7,91,80,yes,2.2,20.0,11.2
7,1008.1,30.7,28.1,26.3,25.4,86,75,yes,5.7,20.0,9.5
8,1006.3,30.0,27.1,24.1,25.1,89,85,yes,3.1,190.0,12.6
9,1005.7,31.7,28.2,26.6,25.7,86,79,yes,6.5,,
10,1005.7,31.1,27.9,26.6,25.8,89,80,yes,4.5,220.0,14.6
11,1005.9,27.8,26.6,25.4,25.4,93,85,yes,0.0,230.0,20.0
12,1005.7,29.2,27.1,25.4,25.8,93,96,yes,0.0,220.0,29.8
13,1005.0,31.5,29.7,28.5,26.7,84,90,yes,1.3,220.0,24.3
14,1004.2,31.7,30.2,29.2,26.6,81,88,yes,2.4,220.0,30.0
15,1005.3,32.0,30.3,29.3,26.3,79,86,yes,1.6,210.0,29.3
16,1006.7,31.4,29.4,28.2,25.9,82,88,yes,1.6,230.0,23.2
17,1008.2,32.1,29.4,26.7,25.9,82,85,yes,7.2,220.0,12.8
18,1010.5,30.8,29.3,27.7,26.0,83,81,yes,2.3,200.0,19.8
19,1010.3,34.2,30.1,27.8,26.1,80,41,no,12.0,130.0,12.4
20,1008.5,34.4,30.8,28.6,26.3,78,59,yes,9.1,170.0,12.1
21,1009.3,33.7,30.6,28.7,25.6,75,51,no,10.0,200.0,12.6
22,1009.5,33.7,30.5,28.5,25.3,75,32,no,9.3,220.0,10.9
23,1008.4,34.1,30.4,28.4,24.7,72,20,no,11.4,210.0,9.6
24,1008.1,35.2,31.0,28.8,25.0,72,38,no,11.2,180.0,9.0
25,1008.9,35.5,31.4,28.9,26.1,74,39,no,10.6,150.0,9.1
26,1009.1,35.1,31.3,29.4,26.3,75,57,yes,9.9,160.0,11.9
27,1007.5,35.1,31.1,28.6,26.7,78,61,yes,8.6,60.0,15.7
28,1007.5,32.3,29.1,26.3,26.3,85,83,yes,4.2,220.0,26.1
29,1010.0,33.3,29.0,27.5,26.7,87,79,yes,3.9,160.0,23.4
30,1010.3,33.1,30.0,27.8,26.0,80,83,yes,6.3,190.0,24.4
1,1008.9,33.0,30.1,27.7,26.0,79,78,yes,5.3,190.0,21.9
2,1009.1,32.0,29.4,26.9,26.0,82,86,yes,2.7,200.0,21.9
3,1008.7,31.5,29.4,27.3,25.8,82,84,yes,1.8,190.0,25.1
4,1006.6,33.0,30.1,28.0,25.9,78,83,yes,6.8,180.0,33.0
5,1007.5,32.6,29.0,25.8,26.5,87,88,yes,5.4,130.0,22.5
6,1008.4,28.8,27.3,24.7,26.0,93,88,yes,0.5,130.0,24.8
7,1005.9,34.0,30.2,27.9,25.6,77,53,yes,10.5,270.0,11.3
8,1001.0,34.2,31.0,28.1,25.9,75,46,no,10.4,280.0,23.5
9,999.0,35.6,31.5,26.4,26.4,75,57,yes,10.0,280.0,25.0
10,1000.3,31.3,28.6,26.2,25.0,81,88,yes,2.5,240.0,18.8
11,1002.2,31.1,28.9,26.1,26.1,85,89,yes,2.4,240.0,19.8
12,1003.8,29.0,28.1,27.0,25.1,84,88,yes,0.0,230.0,16.3
13,1005.0,31.7,28.6,25.6,26.1,87,82,yes,2.2,160.0,12.6
14,1006.8,30.3,28.9,26.4,26.2,86,83,yes,0.2,230.0,14.3
15,1007.0,33.0,30.2,28.6,26.4,81,78,yes,6.2,230.0,22.4
16,1008.1,33.2,30.6,29.0,26.4,79,69,yes,8.5,240.0,25.1
17,1008.5,33.2,30.6,29.0,26.2,78,69,no,9.2,230.0,23.7
18,1007.5,32.4,30.4,28.7,25.3,74,72,yes,10.1,230.0,23.7
19,1007.9,32.3,29.9,26.7,25.8,79,78,yes,4.1,220.0,25.1
20,1009.8,31.9,29.2,25.6,25.6,82,70,yes,6.4,220.0,22.6
21,1010.9,33.3,30.0,27.5,25.3,76,49,yes,8.8,220.0,12.3
22,1010.3,32.9,30.0,28.1,25.2,76,29,no,11.4,240.0,14.5
23,1008.9,32.8,30.0,28.0,25.4,77,32,no,11.9,250.0,21.6
24,1008.4,34.0,30.4,28.0,24.6,72,21,no,12.1,240.0,16.0
25,1008.6,35.0,30.8,28.3,25.5,74,28,no,11.0,130.0,8.3
26,1008.3,32.0,29.4,27.0,26.4,84,57,yes,7.4,60.0,17.5
27,1009.3,33.4,30.2,28.0,25.3,76,44,yes,10.1,200.0,9.5
28,1009.7,32.9,30.1,28.1,24.8,74,29,no,11.8,240.0,12.8
29,1008.5,33.7,30.3,27.6,24.9,74,32,no,11.8,260.0,21.9
30,1006.6,33.5,29.9,28.7,24.7,74,49,yes,6.3,270.0,16.1
31,1005.1,33.9,30.1,27.0,24.9,74,47,yes,10.4,50.0,14.1
1,1011.2,32.2,28.9,26.9,24.6,78,69,no,10.7,20.0,11.8
2,1011.6,32.3,28.9,26.8,24.5,78,54,no,11.4,100.0,9.8
3,1010.6,33.3,29.5,27.3,24.5,75,38,no,10.3,20.0,5.5
4,1008.3,33.3,29.4,26.8,24.1,74,29,no,5.7,10.0,4.4
5,1006.1,33.3,29.6,27.6,24.4,74,27,no,10.8,220.0,8.7
6,1005.3,33.1,30.1,27.8,24.2,72,29,no,10.6,220.0,6.1
7,1003.4,33.3,30.7,28.2,24.9,72,40,no,10.0,290.0,10.9
8,998.5,36.3,32.4,30.0,24.0,62,55,no,10.8,290.0,17.2
9,998.5,34.7,31.0,26.9,24.8,71,80,yes,10.0,220.0,26.4
10,1004.5,30.6,28.1,25.1,25.2,85,88,yes,0.6,230.0,20.2
11,1007.3,32.8,29.2,26.3,25.4,81,77,yes,6.5,220.0,13.9
12,1007.9,33.7,30.0,27.8,25.8,79,78,yes,9.1,220.0,11.9
13,1007.9,29.6,28.0,26.4,25.6,87,84,yes,0.1,230.0,22.9
14,1007.4,28.8,26.9,25.6,25.1,90,88,yes,0.2,210.0,12.9
15,1008.5,28.6,27.0,24.9,25.0,89,88,yes,0.3,220.0,14.2
16,1008.5,31.2,29.2,26.9,26.5,86,88,yes,0.2,230.0,18.0
17,1008.2,32.4,29.9,28.3,26.6,83,81,yes,8.4,230.0,20.5
18,1008.0,33.8,30.2,28.4,25.8,78,67,yes,10.2,220.0,18.1
19,1007.7,32.8,30.1,28.1,25.7,77,59,no,10.4,230.0,16.6
20,1006.3,31.2,29.1,26.8,26.1,84,67,yes,5.0,270.0,6.9
21,1002.2,33.4,30.0,26.9,25.5,77,70,no,7.7,350.0,13.6
22,1000.1,32.0,30.2,28.4,24.4,71,48,yes,6.1,10.0,12.0
23,1000.0,32.9,30.6,28.0,24.2,69,30,yes,7.6,220.0,11.7
24,1002.4,33.2,30.7,28.3,24.3,70,48,no,7.8,10.0,11.0
25,1005.5,34.4,30.6,27.9,23.2,65,22,no,9.1,10.0,10.7
26,1008.1,31.7,28.9,27.8,25.3,81,78,yes,1.1,40.0,16.4
27,1008.1,32.4,29.0,27.0,25.0,79,75,no,6.7,200.0,12.0
28,1006.5,31.2,28.3,26.9,24.4,79,84,yes,4.5,210.0,8.9
29,1006.2,29.6,27.8,26.5,24.8,84,87,yes,3.1,230.0,11.0
30,1006.8,27.9,26.6,25.8,25.2,92,88,yes,0.0,220.0,5.9
31,1007.4,29.0,27.4,25.8,25.0,87,88,yes,0.9,40.0,5.7
1,1007.8,28.9,27.4,25.7,25.4,89,87,yes,0.4,50.0,8.6
2,1010.9,27.7,25.8,24.5,24.8,94,88,yes,0.0,110.0,16.5
3,1013.0,29.0,27.6,25.8,25.8,90,87,yes,0.7,60.0,18.2
4,1013.1,32.9,29.1,27.0,25.7,82,60,no,8.7,80.0,9.8
5,1011.1,31.9,29.3,27.2,24.8,78,38,no,11.0,220.0,11.7
6,1008.1,32.3,29.6,27.8,25.6,79,43,no,9.7,240.0,24.9
7,1007.2,29.6,28.3,26.7,25.9,87,82,yes,0.5,250.0,21.3
8,1009.4,30.7,27.9,26.4,23.1,75,60,no,8.3,60.0,29.0
9,1012.0,31.2,28.2,26.5,23.0,74,44,yes,10.1,70.0,26.2
10,1012.7,31.3,28.1,26.5,23.2,75,47,no,7.9,60.0,24.5
11,1011.1,31.0,28.1,26.8,23.7,77,46,yes,8.4,100.0,21.4
12,1011.5,30.5,27.9,26.2,23.2,76,66,yes,6.7,90.0,22.6
13,1013.0,31.2,28.0,25.8,21.4,68,49,no,9.2,50.0,39.9
14,1012.2,31.4,28.0,25.9,22.1,71,46,no,9.3,60.0,41.3
15,1011.3,31.9,28.6,26.5,23.1,73,60,no,9.0,70.0,39.5
16,1011.9,31.0,28.1,26.9,24.5,81,86,yes,2.1,70.0,32.2
17,1014.6,30.6,28.2,27.1,24.2,79,72,yes,7.1,70.0,27.4
18,1015.0,31.8,28.5,26.8,24.0,77,47,yes,8.6,70.0,14.5
19,1012.2,30.6,28.3,26.8,24.3,79,67,no,3.8,180.0,8.1
20,1009.3,31.1,28.7,27.1,24.5,78,74,yes,7.7,200.0,14.5
21,1008.6,28.7,27.4,25.5,23.8,81,88,yes,0.4,190.0,11.9
22,1009.9,31.0,28.1,26.3,25.5,86,67,yes,8.8,110.0,14.8
23,1009.1,32.0,28.9,27.3,25.3,81,40,yes,6.8,110.0,10.2
24,1006.7,32.0,29.3,27.4,24.7,77,23,no,11.1,230.0,17.3
25,1004.9,32.2,29.7,28.1,25.3,78,38,no,11.0,230.0,20.5
26,1006.7,32.2,28.7,26.9,26.3,87,71,yes,4.7,90.0,14.0
27,1008.2,30.2,27.8,26.5,25.0,85,81,yes,2.5,90.0,15.1
28,1006.7,32.8,29.0,25.8,20.6,61,30,no,11.1,10.0,16.4
29,1005.6,31.3,29.7,27.4,20.0,56,53,no,10.4,230.0,15.5
30,1011.0,32.7,29.8,28.2,24.8,75,78,yes,8.5,140.0,12.7
1,1013.0,31.7,28.8,26.4,25.3,81,84,yes,2.9,30.0,7.9
2,1012.4,31.6,27.9,26.5,23.1,76,82,yes,4.2,10.0,30.6
3,1011.7,29.7,26.8,24.2,23.7,83,88,yes,1.6,60.0,52.8
4,1013.2,27.8,26.7,24.9,25.2,92,95,yes,0.0,120.0,50.7
5,1015.2,27.8,26.7,25.4,25.4,93,88,yes,0.9,100.0,37.0
6,1014.1,26.8,26.0,25.3,25.4,97,86,yes,0.4,100.0,30.4
7,1012.7,27.6,26.4,25.0,25.0,92,85,yes,0.7,140.0,12.5
8,1010.5,30.0,27.8,26.1,23.1,76,54,no,10.6,300.0,13.0
9,1011.3,29.4,26.8,24.8,20.9,70,45,yes,7.1,20.0,20.4
10,1013.7,26.6,24.3,21.1,19.9,77,85,yes,0.6,20.0,30.2
11,1018.0,22.1,20.5,18.5,16.6,78,88,yes,0.0,20.0,38.3
12,1019.0,24.9,23.1,21.0,16.8,67,88,yes,0.0,50.0,28.2
13,1018.7,27.8,25.1,23.3,19.1,70,68,yes,10.5,70.0,32.4
14,1017.4,28.2,25.0,23.1,20.1,75,51,no,7.4,70.0,23.9
15,1015.2,28.7,25.2,23.1,20.7,76,19,no,9.1,90.0,14.1
16,1013.8,29.4,25.8,23.3,20.4,73,20,no,10.5,30.0,9.9
17,1013.4,30.8,26.2,23.6,19.5,69,17,no,10.5,70.0,12.4
18,1012.5,29.1,25.5,23.5,19.3,70,43,no,9.7,60.0,8.9
19,1010.2,28.2,25.3,23.1,16.7,59,79,no,4.4,20.0,17.3
20,1008.3,29.1,26.2,23.8,17.3,58,78,no,7.5,10.0,17.2
21,1010.2,29.2,26.4,24.3,19.3,65,64,yes,6.4,10.0,13.2
22,1012.0,30.6,27.0,25.3,20.9,70,48,no,7.8,120.0,9.2
23,1013.0,30.7,27.0,24.8,21.6,73,50,no,8.3,80.0,9.9
24,1015.0,29.6,26.8,24.9,22.1,76,61,yes,8.2,80.0,19.7
25,1016.8,26.6,25.9,25.4,21.7,77,77,yes,3.0,80.0,37.5
26,1016.8,26.2,25.4,24.5,22.3,83,81,yes,0.8,80.0,28.9
27,1015.6,30.1,26.5,24.3,22.1,77,48,no,9.5,60.0,10.3
28,1017.0,29.2,26.7,25.5,23.3,82,46,yes,9.5,110.0,15.8
29,1018.2,28.4,26.4,25.5,22.9,81,61,yes,7.0,90.0,24.2
30,1017.8,29.6,26.7,25.3,23.1,81,53,no,8.4,100.0,16.5
31,1020.4,27.2,25.6,24.4,21.6,79,66,yes,5.3,80.0,40.8
1,1020.9,24.5,22.9,20.5,17.8,73,61,no,4.3,20.0,29.6
2,1019.8,26.0,22.6,19.7,16.0,67,72,yes,7.5,20.0,22.5
3,1019.5,25.8,23.7,22.3,18.8,74,82,yes,2.4,70.0,32.9
4,1018.1,26.6,24.7,23.1,20.4,77,83,yes,3.0,80.0,29.8
5,1016.1,28.2,25.8,24.5,22.0,80,82,yes,6.5,70.0,28.3
6,1015.6,26.3,25.5,24.7,22.4,83,81,yes,0.5,80.0,30.2
7,1016.3,28.4,26.2,25.2,23.4,85,87,yes,3.4,80.0,24.8
8,1016.4,28.7,26.5,25.5,23.6,84,70,yes,5.9,70.0,18.0
9,1015.8,30.3,26.7,24.8,23.3,82,58,yes,7.7,50.0,12.8
10,1016.9,25.9,24.9,24.0,21.4,81,88,yes,1.1,80.0,46.3
11,1017.7,25.4,23.8,22.6,20.6,82,85,yes,2.6,80.0,43.8
12,1017.3,24.2,23.9,23.6,21.1,84,88,yes,0.0,80.0,41.4
13,1015.2,25.3,23.3,21.0,22.1,92,86,yes,0.3,80.0,29.7
14,1014.5,26.9,24.3,22.3,21.2,83,74,yes,5.5,30.0,13.8
15,1015.2,24.8,24.2,23.5,22.3,89,84,yes,0.1,80.0,35.8
16,1013.7,25.9,24.8,23.6,23.5,93,74,yes,2.3,80.0,25.5
17,1013.9,27.2,25.5,24.4,23.8,90,51,no,7.0,80.0,17.2
18,1016.0,29.1,26.1,24.1,23.2,84,20,no,8.2,80.0,7.9
19,1017.0,28.5,25.9,24.5,22.9,84,58,yes,5.9,70.0,22.1
20,1017.2,25.9,24.8,24.4,21.6,82,73,yes,1.1,80.0,30.6
21,1017.0,26.0,24.8,23.9,21.1,80,83,no,0.4,70.0,40.4
22,1017.1,27.6,25.4,24.0,21.3,78,65,yes,8.3,80.0,29.2
23,1016.7,28.4,25.4,23.7,21.2,78,47,no,7.7,90.0,19.6
24,1016.7,26.6,24.5,23.3,19.8,76,35,yes,9.8,70.0,31.2
25,1017.7,25.3,22.6,18.2,16.8,70,44,no,6.9,20.0,28.6
26,1020.6,21.2,18.2,15.8,7.8,52,46,no,3.5,20.0,34.3
27,1022.4,20.4,18.4,15.3,9.7,57,44,no,8.6,60.0,39.3
28,1022.5,22.9,20.8,19.2,15.0,70,49,no,8.6,70.0,34.0
29,1021.2,24.1,22.1,20.3,17.4,75,40,no,8.8,60.0,16.0
30,1018.9,25.2,22.4,20.4,17.7,75,56,yes,6.0,100.0,15.7
1,1017.6,25.1,22.9,22.0,19.0,79,85,no,2.0,70.0,25.0
2,1017.1,25.0,23.3,22.2,19.6,80,69,yes,6.3,70.0,15.9
3,1019.4,22.3,20.8,19.6,16.5,77,93,yes,0.0,20.0,27.9
4,1021.1,21.0,19.5,18.4,14.9,75,88,yes,0.6,50.0,37.9
5,1018.4,20.3,18.4,15.7,15.8,85,91,yes,0.1,70.0,41.3
6,1021.3,18.1,16.6,15.4,12.2,76,91,yes,0.1,10.0,28.4
7,1023.1,19.3,17.3,15.4,12.1,72,86,no,0.9,10.0,21.8
8,1022.2,19.0,18.0,17.0,14.1,78,90,yes,0.0,30.0,28.5
9,1016.8,18.9,17.7,16.9,16.8,95,95,yes,0.0,60.0,35.1
10,1015.5,20.9,19.3,17.6,16.8,86,80,yes,5.1,20.0,10.2
11,1016.4,23.0,19.9,17.9,15.5,76,72,no,6.3,60.0,20.7
12,1016.2,20.7,20.0,19.4,17.1,83,88,no,0.2,70.0,39.5
13,1016.4,21.0,20.4,19.7,17.8,85,83,yes,0.0,70.0,30.3
14,1016.6,21.3,20.4,19.1,17.3,82,84,yes,0.4,50.0,20.3
15,1019.0,20.4,18.4,16.0,12.6,69,70,yes,2.2,10.0,26.8
16,1022.5,17.2,15.2,13.4,4.3,49,11,no,9.3,10.0,48.0
17,1025.9,15.2,13.2,11.5,-0.4,39,25,no,9.1,20.0,35.6
18,1026.4,16.5,13.9,11.3,3.1,48,11,no,9.5,40.0,25.2
19,1025.4,18.2,16.2,13.8,8.7,62,71,no,2.1,30.0,29.0
20,1022.5,18.6,17.6,17.0,12.9,75,88,yes,0.0,40.0,19.0
21,1021.3,21.1,19.4,17.1,16.2,82,87,yes,1.6,50.0,22.5
22,1020.3,20.6,19.9,18.7,17.6,87,88,yes,0.3,60.0,27.3
23,1017.8,22.3,21.1,19.8,19.6,91,79,yes,0.0,40.0,15.0
24,1016.8,24.7,22.3,21.1,20.7,91,70,yes,6.0,40.0,9.4
25,1020.4,21.4,18.2,16.1,13.5,75,89,yes,0.7,10.0,27.6
26,1020.6,19.7,17.9,16.9,13.3,74,87,no,0.6,30.0,21.6
27,1022.7,18.8,17.7,16.9,15.0,84,90,yes,0.0,30.0,18.4
28,1026.6,18.6,17.3,16.3,12.8,75,85,yes,1.0,20.0,25.9
29,1025.9,18.9,17.7,16.4,13.3,75,78,yes,4.6,70.0,33.4
30,1025.3,19.2,17.3,15.2,13.3,78,86,yes,1.2,20.0,20.9
31,1026.4,20.5,17.8,15.5,13.0,74,66,no,5.7,20.0,23.3
11,1008.25,21.19,20.79,20.02,18.79,95,89,no,-0.06,64.43,30.52
15,1016.32,21.09,20.19,18.54,17.34,82,85,no,0.24,43.66,21.07
26,1008.13,29.95,28.0,26.13,25.27,86,81,no,2.53,89.92,14.93
17,1010.61,27.63,24.62,20.95,22.72,88,82,yes,3.33,217.93,15.38
13,1017.16,14.68,13.61,12.47,11.21,86,100,yes,0.08,49.18,35.62
6,1006.43,33.99,30.4,27.95,24.84,77,53,no,10.39,269.93,11.81
20,1017.92,17.19,16.12,15.07,15.43,94,100,yes,0.26,57.12,25.75
11,1008.94,21.92,20.52,20.33,19.4,95,88,yes,0.12,68.1,29.46
2,1011.21,23.0,22.2,20.47,21.37,93,89,no,0.28,45.82,23.98
3,1011.64,32.46,28.95,26.86,24.78,79,55,no,11.05,98.75,9.43
26,1020.41,21.07,17.95,16.08,7.43,53,45,no,3.55,17.14,34.28
28,1024.04,20.06,17.13,15.3,9.76,65,57,no,5.65,62.36,27.53
10,1011.43,27.82,25.67,24.27,23.4,86,89,yes,1.03,206.18,17.54
24,1020.68,21.65,18.06,15.85,13.07,74,90,yes,0.53,17.61,27.03
31,1010.03,32.56,29.99,28.52,25.77,78,73,yes,7.19,221.23,25.31
9,1008.21,27.84,26.67,23.81,24.3,86,84,yes,0.32,215.26,12.32
29,1008.05,31.57,28.87,27.32,25.82,84,77,yes,3.59,208.33,18.61
5,1017.73,26.82,24.18,23.03,20.6,78,82,yes,3.26,71.08,29.96
15,1012.12,31.34,27.83,25.72,22.29,71,47,no,9.2,59.67,41.74
8,1016.85,18.73,17.55,17.06,16.88,94,94,no,0.06,53.99,35.11
20,1008.42,28.79,26.14,23.63,17.58,59,79,yes,7.31,3.98,17.19
11,1000.47,31.5,28.34,26.09,24.67,82,88,no,2.63,243.63,18.95
4,1011.59,29.96,27.04,24.43,23.46,84,87,yes,1.55,61.61,51.4
8,1004.89,31.84,28.02,26.76,25.79,87,80,yes,6.36,,
9,1015.85,30.3,26.71,24.43,23.38,83,58,yes,7.49,52.16,13.38
21,1018.93,15.77,14.58,10.56,13.17,91,100,yes,-0.04,49.16,35.62
10,1012.03,31.41,28.38,26.77,22.88,75,45,no,9.68,64.92,25.96
24,999.62,33.08,30.5,28.72,24.14,70,31,yes,7.57,213.4,12.57
9,1015.55,20.77,19.28,18.1,17.07,85,81,yes,4.86,19.8,9.95
17,1021.78,15.09,13.1,11.76,11.97,88,95,yes,-0.05,37.55,18.18
28,1023.4,21.33,16.67,13.04,11.57,72,49,yes,9.54,22.47,8.76
17,1009.99,30.43,29.25,27.47,25.38,83,82,yes,2.46,200.74,20.02
5,1008.52,28.72,27.14,24.63,26.0,92,88,no,0.56,133.92,25.46
26,1008.47,30.06,27.84,26.5,24.7,84,80,yes,2.4,97.55,14.61
7,1001.49,34.51,30.68,28.41,25.43,75,47,no,10.43,281.86,22.99
22,1008.27,34.02,30.55,28.56,24.83,73,21,no,11.51,214.77,9.62
20,1023.54,20.06,15.95,12.24,9.41,68,55,no,6.25,19.46,23.72
29,1025.82,19.13,17.75,16.91,13.34,76,77,no,4.49,63.76,33.59
23,1027.07,16.03,13.59,12.71,9.49,77,88,yes,0.15,19.56,27.57
30,1007.57,28.86,27.48,26.03,25.1,88,89,no,0.96,41.27,6.13
16,1015.44,24.96,24.36,23.17,21.97,89,85,yes,0.18,80.9,36.85
9,1007.47,28.42,26.66,24.2,24.26,86,84,no,0.31,225.49,12.64
2,1019.87,25.77,22.28,19.44,16.32,66,72,yes,7.54,15.94,22.97
13,1014.08,28.17,25.68,23.93,22.85,88,85,no,2.86,67.91,27.47
21,1017.97,17.02,16.27,14.76,15.0,95,99,yes,-0.07,51.88,26.62
23,1017.18,26.67,24.19,23.77,20.04,77,34,no,9.37,67.33,31.54
16,1005.79,32.0,29.95,29.27,26.45,80,86,no,1.62,211.09,28.85
31,1010.87,32.95,29.97,28.43,24.81,74,79,no,8.22,135.07,12.71
28,1021.53,19.11,17.97,15.65,9.3,60,75,yes,2.12,55.03,20.65
11,1017.79,25.77,24.13,22.46,20.71,83,85,no,2.41,80.41,43.8
13,1019.52,18.0,16.43,15.77,13.17,80,80,yes,1.57,59.96,32.76
30,1005.95,29.44,27.71,26.47,24.85,84,88,no,2.94,230.67,10.94
20,1007.96,28.33,27.48,25.3,23.06,81,88,yes,0.23,186.92,12.32
12,1016.17,23.33,19.94,17.59,15.75,75,73,yes,6.04,59.94,20.21
21,1020.85,17.86,16.44,14.59,14.81,91,89,no,0.34,46.99,24.56
6,1018.83,20.01,18.08,15.76,15.55,86,92,no,-0.05,76.09,42.06
1,1015.1,25.47,22.05,19.44,19.37,85,82,no,3.79,51.89,8.27
19,1009.54,30.97,28.66,27.5,24.84,77,74,no,7.5,204.99,14.07
3,1022.03,19.25,15.14,13.55,10.66,75,45,yes,9.54,48.41,8.97
25,1008.37,34.35,30.67,28.17,24.76,72,20,no,12.26,240.44,16.32
20,1014.68,18.12,17.34,16.22,15.81,96,96,yes,-0.03,60.99,38.33
18,1020.17,15.99,15.22,14.12,13.1,87,95,yes,0.06,42.32,22.89
25,1020.8,21.49,18.38,15.7,13.52,76,89,no,0.72,10.0,27.32
2,1022.28,21.29,18.67,16.99,16.07,80,83,yes,0.35,47.68,15.61
23,1022.12,16.67,15.63,13.86,14.4,91,89,no,0.24,16.87,18.85
16,1011.68,23.04,20.93,21.08,20.74,98,89,no,-0.08,31.28,20.17
16,1011.87,30.65,28.05,26.78,24.32,81,86,yes,1.79,66.37,31.85
6,1015.75,27.8,25.63,24.21,22.33,79,82,no,6.86,69.19,28.3
9,999.55,35.52,31.35,26.28,26.11,75,58,no,9.93,283.06,25.56
6,1006.38,33.37,29.61,27.08,24.77,74,27,no,10.65,217.17,8.55
13,1013.17,25.81,22.68,21.45,21.07,89,76,yes,3.82,194.53,10.75
10,1006.23,30.37,27.93,26.61,25.9,88,81,no,4.34,218.02,15.04
20,1009.44,31.79,29.62,25.6,25.86,82,70,yes,6.48,218.01,22.36
26,1006.84,32.39,29.14,26.43,26.47,86,71,yes,4.91,91.08,14.11
16,1022.56,17.02,15.43,13.5,4.31,49,12,yes,9.25,9.47,48.62
31,1017.64,29.53,25.96,25.22,23.73,80,53,yes,8.72,106.31,15.65
28,1008.27,30.34,28.32,27.0,25.11,86,80,yes,2.44,90.34,15.04
3,1012.06,32.04,28.4,26.86,24.34,79,53,yes,11.43,101.19,10.23
8,1009.85,30.73,27.9,26.38,22.59,74,60,no,8.24,63.55,28.86
7,1001.3,34.08,31.13,28.07,26.09,76,47,yes,10.56,281.29,23.72
23,1011.85,30.32,26.85,24.95,20.81,69,47,no,7.74,118.49,8.72
31,1004.85,34.13,30.31,27.14,25.0,75,47,yes,10.15,47.16,14.3
27,1008.1,32.17,29.24,27.47,26.4,85,58,no,7.69,64.42,16.87
24,1002.61,33.59,31.16,28.41,23.82,71,48,no,7.62,7.98,11.49
3,1019.59,22.29,20.64,19.46,16.36,76,93,no,0.14,10.78,28.5
21,1020.64,17.62,16.39,14.46,14.99,91,88,no,0.51,53.88,25.79
5,1014.58,26.94,25.56,24.62,25.28,97,85,yes,0.34,104.27,30.9
5,1008.39,33.12,29.34,27.11,23.98,74,29,yes,5.47,9.75,4.23
8,1009.43,30.84,27.83,26.2,23.2,76,60,no,8.56,55.47,28.67
5,1008.6,28.54,26.43,24.89,25.95,92,88,yes,0.75,131.31,24.52
9,1017.8,17.03,16.42,14.96,9.83,64,77,no,0.15,41.55,21.93
4,1009.11,30.82,27.01,24.63,24.22,86,86,yes,0.76,21.71,8.61
16,1015.51,16.32,15.29,14.6,14.36,98,97,no,-0.01,55.24,37.74
26,1015.96,29.9,26.74,24.42,21.92,77,49,no,9.53,66.05,10.66
4,1016.7,22.74,20.99,19.3,17.05,79,83,yes,0.13,27.14,12.43
10,1015.37,20.95,19.51,17.9,16.69,87,80,yes,5.1,18.05,9.71
21,1016.95,27.64,25.72,23.68,21.74,79,66,no,8.44,72.45,28.45
9,1020.31,18.88,18.51,16.69,14.45,77,79,no,3.44,68.51,39.4
8,1017.09,18.94,17.38,16.76,17.19,96,96,no,-0.35,51.39,35.16
7,1011.63,31.23,28.89,27.82,25.02,81,81,yes,4.05,154.48,9.69
14,1012.66,29.9,26.26,24.44,23.65,85,75,no,7.48,53.63,15.91
3,1021.29,23.83,18.59,15.71,13.99,74,47,no,10.04,45.66,14.31
18,1012.21,26.14,24.74,23.71,20.13,76,80,no,4.69,70.1,30.43
21,1014.96,17.34,17.16,16.87,16.51,94,96,no,-0.14,54.91,39.26
12,1006.17,28.14,26.06,25.26,25.35,94,85,yes,-0.21,232.09,19.22
16,1014.73,28.58,25.01,22.9,20.27,77,18,yes,9.18,88.16,13.99
16,1014.6,30.71,28.47,27.19,24.26,78,72,yes,7.0,76.37,27.43
18,1007.99,34.11,30.43,28.25,25.45,77,66,no,10.37,223.9,18.48
11,1017.51,17.1,16.28,15.37,9.38,63,76,yes,0.0,47.4,21.54
29,1018.3,17.34,16.3,14.63,15.94,98,100,no,-0.12,66.38,27.82
14,1014.05,27.43,25.36,24.09,23.1,88,85,yes,2.76,71.38,28.84
18,1007.81,32.68,30.42,26.4,25.52,80,78,yes,3.96,220.34,25.02
22,1016.69,28.62,25.25,23.52,21.08,78,48,yes,7.55,95.18,19.87
24,1006.77,31.65,29.43,27.83,25.03,76,22,no,11.1,228.4,16.58
2,1023.93,11.37,10.4,9.0,6.94,80,94,no,0.26,11.87,26.98
17,1023.57,14.05,13.46,11.21,8.7,76,92,yes,0.07,19.78,18.45
1,1023.74,21.03,16.51,14.49,11.28,71,31,no,10.53,57.48,27.12
2,1010.56,33.11,30.23,26.85,24.82,74,38,yes,10.35,13.67,6.2
18,1010.25,27.74,25.02,23.35,16.57,58,80,no,4.15,18.59,17.04
7,1013.32,27.69,25.52,22.7,22.75,86,84,no,2.74,36.71,8.24
21,1008.33,34.22,31.18,29.29,26.82,77,58,yes,9.29,171.7,11.76
24,1019.96,21.45,18.78,15.79,13.68,74,88,yes,0.58,15.75,28.37
1,1011.03,32.56,28.61,27.67,24.75,77,69,no,10.76,16.28,12.16
5,1021.45,18.81,15.12,13.71,10.9,76,46,yes,9.13,40.17,8.58
15,1007.8,28.5,26.49,25.57,25.23,89,89,yes,-0.22,207.5,13.09
11,1008.94,26.14,23.37,21.19,21.69,91,92,yes,-0.16,192.82,20.83
10,1008.12,28.44,26.39,23.92,23.89,87,84,no,0.18,223.4,12.67
14,1012.83,31.32,28.2,25.95,21.56,69,48,no,9.0,51.85,40.81
5,1015.99,21.43,20.1,20.43,19.89,94,81,no,-0.32,52.68,13.83
5,1006.18,32.85,29.67,26.99,24.61,73,27,yes,11.14,219.06,8.77
12,1011.4,31.29,28.26,27.0,23.78,78,46,yes,8.51,106.25,21.61
25,1016.53,24.43,21.98,20.92,20.65,91,70,no,5.98,35.37,9.14
8,1011.52,29.3,26.71,24.82,21.15,69,45,no,7.22,15.13,20.7
25,1008.72,34.93,31.12,28.41,25.2,75,29,no,10.81,122.96,8.57
14,1015.66,16.32,15.44,14.37,14.64,96,98,yes,0.16,48.9,39.01
11,1016.69,22.83,20.02,17.79,15.98,75,72,yes,6.05,58.5,20.09
11,1014.84,22.31,18.49,17.26,16.86,87,81,yes,2.35,41.82,15.64
26,1007.89,35.15,31.16,29.04,26.53,78,60,yes,8.55,55.33,14.88
3,1021.15,23.83,18.72,15.68,13.79,75,45,yes,9.68,46.18,14.98
17,1026.18,15.35,13.39,11.59,-0.42,40,25,yes,8.91,27.73,35.77
19,1007.98,33.92,30.38,27.97,25.61,77,66,yes,10.55,213.35,17.78
29,1007.32,31.47,27.93,27.16,24.22,80,85,no,4.2,216.45,9.01
20,1022.14,15.9,14.9,14.15,11.54,78,83,yes,0.14,66.89,45.29
6,1014.05,23.96,22.49,20.68,20.55,92,77,no,1.33,44.49,15.09
9,998.29,34.9,30.54,26.57,24.41,70,81,yes,10.15,219.5,25.2
18,1008.31,33.82,30.41,27.97,25.66,77,67,no,10.44,216.42,18.56
23,1002.24,33.13,30.74,28.21,24.34,69,47,no,7.73,11.14,10.66
21,1008.01,30.24,27.29,25.2,22.56,78,63,yes,5.15,28.08,11.04
20,1009.95,34.0,30.18,27.37,26.29,81,42,yes,12.01,126.81,12.45
30,1017.81,17.59,16.26,16.07,15.65,95,91,no,-0.06,53.43,25.04
5,1021.3,18.78,14.91,12.31,8.61,65,19,no,9.94,20.65,23.36
12,1020.57,18.69,16.36,14.21,12.34,76,35,yes,9.05,27.16,24.89
9,1006.35,30.22,27.03,24.14,25.41,90,85,no,3.49,184.45,12.55
21,1016.69,27.34,25.49,23.98,20.88,77,64,yes,8.22,83.62,28.6
5,1007.76,32.65,28.92,26.13,26.57,87,88,yes,5.09,128.91,22.09
30,1006.24,27.97,27.13,25.93,25.19,92,89,yes,0.18,223.29,5.68
26,1023.92,20.25,15.89,12.95,9.7,67,22,yes,11.37,67.99,13.67
10,1013.65,26.4,24.24,21.37,20.1,76,85,yes,-0.22,21.88,30.18
7,1015.68,25.35,21.54,18.93,18.09,79,71,no,7.52,221.16,6.2
19,1010.24,30.62,29.03,27.69,26.07,83,81,yes,2.35,202.3,20.04
13,1014.66,24.35,21.84,17.5,17.74,82,82,yes,3.7,26.11,15.46
1,1024.07,20.51,16.86,14.14,11.16,71,31,no,10.6,64.87,27.93
12,1012.5,27.92,24.98,24.51,22.72,83,88,yes,1.26,54.58,25.7
10,1013.68,25.94,23.94,20.54,20.1,77,86,yes,0.75,20.86,29.87
28,1018.27,17.2,15.98,14.68,15.63,98,100,yes,-0.09,60.87,29.25
16,1010.75,27.65,25.96,24.63,24.6,90,85,yes,1.08,187.52,16.31
13,1012.44,26.02,22.94,21.03,20.57,90,75,yes,3.41,200.0,9.02
4,1018.63,20.35,17.94,15.09,16.42,85,92,no,0.21,72.57,40.6
12,1019.1,24.94,22.91,21.06,16.84,66,88,no,0.18,47.91,27.52
25,1020.22,21.83,17.89,16.02,7.66,53,45,no,3.31,21.17,35.0
7,1009.96,31.09,28.63,27.27,25.05,82,68,yes,4.89,169.79,12.41
14,1015.99,21.16,20.25,19.57,16.95,85,84,no,0.13,76.47,29.63
17,1008.02,33.53,30.06,28.04,25.85,78,67,yes,10.15,214.39,18.37
7,1000.99,33.89,31.21,27.85,26.26,76,45,yes,10.34,279.3,23.52
11,1007.98,33.49,29.96,27.95,25.59,78,79,no,8.91,224.79,11.98
10,1010.94,29.54,26.98,24.37,20.67,71,45,yes,7.45,17.98,20.17
29,1012.85,23.2,22.65,21.27,18.24,80,90,yes,0.41,69.19,27.1
24,1009.82,28.14,26.07,23.87,24.38,89,82,no,3.26,174.9,12.85
21,1006.03,31.03,28.63,26.9,25.62,83,68,yes,4.89,265.79,6.99
14,1011.5,31.96,28.92,26.29,23.12,74,59,yes,9.08,65.19,39.62
23,1016.92,24.35,21.98,21.38,20.85,92,70,no,5.97,32.97,10.01
16,1007.93,33.13,30.11,28.59,26.28,80,69,yes,8.82,240.0,24.93
15,1011.68,26.7,25.03,22.89,19.7,72,68,no,7.16,9.6,22.48
12,1015.21,24.6,23.09,21.23,21.93,93,86,yes,0.06,77.12,30.44
14,1005.09,31.41,29.41,28.43,26.52,85,90,yes,1.61,219.36,23.87
11,1008.3,33.32,30.25,28.04,26.17,79,78,no,9.05,219.41,11.81
3,1020.24,25.98,22.16,20.07,15.98,68,72,no,7.16,21.92,23.54
21,1001.82,33.39,29.97,27.27,26.02,78,69,no,7.66,350.59,13.33
21,1008.77,35.15,31.05,28.37,26.06,79,60,yes,9.34,173.63,12.84
31,1009.19,32.05,30.6,28.86,26.09,78,71,yes,7.0,214.72,25.95
11,1016.69,25.98,24.9,24.16,21.96,80,88,no,0.99,80.78,45.76
9,1006.14,29.96,27.03,24.25,25.13,88,86,yes,2.94,190.33,12.23
4,1012.84,24.33,22.2,20.45,20.78,90,77,yes,0.93,48.16,14.43
19,1006.11,31.04,29.01,26.99,25.98,83,67,yes,4.67,282.76,6.5
27,1007.92,32.25,29.27,26.11,26.38,84,84,no,4.38,229.55,25.7
21,1010.65,26.28,23.77,21.08,22.2,89,82,yes,0.71,297.97,11.14
14,1015.73,25.43,23.6,21.09,22.01,93,87,yes,0.29,77.71,29.82
22,1022.13,15.78,14.33,14.59,10.99,76,82,yes,-0.05,71.78,44.14
25,1006.96,31.78,29.4,27.44,24.75,77,23,no,11.33,228.86,17.01
20,1010.21,29.46,26.6,24.56,19.43,66,63,no,6.07,13.08,12.92
21,1011.01,26.01,23.8,21.19,22.08,91,81,no,0.92,300.02,10.47
11,1009.37,26.6,23.56,21.14,21.72,93,93,no,-0.25,190.88,20.83
22,1010.59,26.29,24.02,20.86,22.01,90,82,yes,0.91,296.83,9.93
22,1015.18,18.04,17.44,16.6,16.46,95,94,yes,-0.04,65.55,37.52
4,1007.49,32.79,29.28,26.26,25.89,87,87,no,5.63,135.96,21.81
21,1010.42,26.15,23.75,20.81,21.66,90,80,no,1.11,292.71,11.63
1,1021.81,22.02,18.66,17.2,15.59,80,82,no,0.74,55.95,15.95
10,1010.22,30.57,28.47,26.39,24.8,80,69,no,4.05,173.96,16.07
8,1003.62,33.78,30.6,27.8,25.2,73,40,no,10.01,293.6,11.86
22,1021.82,16.67,15.49,13.8,14.23,91,89,no,0.09,14.07,19.34
8,1022.15,18.76,18.08,17.08,13.95,78,89,no,-0.06,27.18,27.8
10,1007.34,32.33,29.2,26.28,25.6,80,78,yes,6.52,215.05,14.24
13,1008.0,34.15,29.65,27.76,25.63,78,79,yes,8.59,223.9,12.01
5,1010.48,30.53,28.09,25.85,25.37,84,84,yes,2.25,177.27,15.38
9,1010.03,30.34,28.4,26.92,25.18,80,68,no,3.75,170.97,15.02
21,1020.94,17.06,15.78,14.57,15.04,90,88,no,0.02,55.65,23.22
20,1008.44,33.85,30.77,28.35,26.34,77,59,yes,9.26,178.98,11.51
6,1005.96,33.07,30.03,27.65,23.96,73,26,yes,10.55,224.33,8.37
7,1006.59,30.35,26.9,24.06,25.66,88,84,yes,3.24,195.48,12.56
16,1007.83,33.12,30.7,28.86,26.23,80,68,no,8.48,235.08,25.59
4,1013.04,29.04,27.48,25.88,25.77,91,88,no,0.99,65.44,18.25
20,1017.62,28.32,26.09,24.34,22.55,83,57,no,6.05,69.86,21.79
21,1010.58,33.42,29.94,27.61,25.09,77,50,yes,8.96,217.11,12.79
2,1009.34,32.63,29.21,27.54,26.04,81,85,no,3.02,193.93,22.14
1,1010.87,29.51,26.15,22.92,23.55,88,81,yes,1.92,49.74,11.39
11,1010.35,30.91,28.06,26.82,24.06,77,46,no,8.4,97.67,21.88
19,1007.98,29.41,26.24,23.57,17.79,58,78,no,7.71,11.42,17.79
6,1013.78,26.67,25.62,24.54,25.63,98,86,yes,0.28,94.47,30.93
21,1016.9,25.87,25.05,24.65,21.27,81,72,yes,1.06,78.98,30.65
7,1012.84,27.43,23.81,22.54,21.98,92,83,yes,1.87,35.83,9.82
15,1008.13,33.36,30.58,28.98,26.62,79,70,yes,8.78,242.29,24.83
28,1008.82,31.83,29.26,26.91,24.95,78,74,yes,6.51,202.31,11.74
23,1008.52,28.93,26.91,24.88,23.18,82,66,yes,6.18,11.39,7.71
7,1013.24,26.42,22.74,21.7,22.02,90,83,no,7.1,64.86,20.59
18,1007.97,32.89,30.41,26.6,25.96,78,79,yes,4.05,211.75,25.29
2,1012.01,30.24,26.27,22.76,23.98,87,85,yes,2.95,217.67,11.24
6,1007.6,32.8,28.92,25.92,26.82,87,87,yes,5.47,127.92,23.19
21,1017.06,25.87,24.57,24.07,21.38,81,82,no,0.53,69.01,39.71
15,1016.86,21.52,20.57,19.28,17.58,83,84,yes,0.14,44.33,19.46
15,1011.43,32.09,28.93,26.54,23.06,74,59,yes,9.08,70.43,39.45
27,1006.77,29.51,27.37,25.56,25.15,90,87,no,1.18,119.01,32.78
7,1008.55,30.29,28.05,26.89,23.13,74,60,no,8.56,62.84,29.14
11,1016.41,23.41,19.88,17.9,15.65,77,71,yes,6.39,61.73,20.5
27,1007.33,30.1,27.52,26.4,24.48,84,83,yes,1.55,73.9,34.63
27,1006.44,29.83,26.97,26.08,25.01,90,87,yes,1.26,123.99,31.69
18,1025.75,15.28,13.17,11.51,-0.29,38,24,yes,8.89,23.55,36.29
16,1008.89,33.16,31.05,29.04,26.07,79,68,yes,9.18,224.95,23.15
3,1019.75,25.63,23.61,22.42,18.65,74,83,yes,2.65,69.39,32.51
6,1010.31,30.58,28.6,26.88,25.0,81,69,yes,4.4,165.05,11.91
7,1023.58,19.1,14.83,11.45,3.44,53,0,no,10.61,42.24,16.58
3,1019.6,22.77,20.89,19.29,16.43,77,94,yes,0.1,23.84,27.37
26,1020.55,21.35,17.99,16.19,13.63,75,88,yes,0.85,10.71,26.9
7,1011.84,31.33,28.53,27.69,25.36,83,81,no,3.88,147.2,8.57
22,1008.77,31.95,28.83,26.82,25.14,82,39,yes,6.77,106.81,11.28
31,1008.63,31.64,29.55,27.83,26.11,80,72,no,9.55,216.97,22.76
24,1015.34,29.16,26.55,25.22,22.14,76,62,yes,8.1,73.8,20.7
8,1013.61,28.01,25.18,23.36,23.36,88,84,yes,2.77,42.1,8.9
18,1012.13,30.96,27.85,27.3,23.74,79,68,yes,4.04,185.61,8.87
8,1009.08,30.82,28.08,26.21,22.99,74,60,no,8.38,59.98,28.35
24,1008.52,28.77,26.85,24.36,23.21,81,65,yes,6.58,25.17,8.14
11,1016.41,22.95,20.14,17.68,14.87,77,72,no,6.44,64.05,20.74
20,1012.34,27.9,25.17,21.98,22.52,87,80,yes,4.97,31.12,6.82
28,1024.68,24.84,18.56,15.01,9.79,62,19,yes,10.58,46.82,18.18
3,1021.7,21.25,19.05,17.45,15.39,81,82,yes,0.74,52.26,16.02
31,1018.25,29.86,26.65,25.55,23.14,82,54,yes,8.27,99.21,17.07
11,1013.02,31.63,28.0,25.72,23.88,75,47,yes,7.95,54.7,24.96
20,1010.32,28.08,25.89,23.53,22.41,83,84,yes,3.29,67.52,25.73
5,1024.43,17.61,13.57,11.21,0.6,39,13,no,10.06,20.03,46.19
7,1006.03,29.85,26.99,24.73,25.05,89,86,yes,2.95,189.97,13.04
9,1021.27,18.91,18.07,17.56,14.22,78,80,yes,3.24,65.69,39.4
20,1006.14,31.16,28.52,27.22,26.1,85,67,yes,4.99,263.19,7.06
9,1013.7,27.95,25.53,23.48,22.61,88,83,no,2.23,38.71,9.71
25,1007.0,29.52,27.79,26.32,25.06,86,83,no,1.48,69.43,33.84
31,1017.5,29.42,26.86,25.04,22.92,81,52,no,8.19,95.97,15.88
27,1008.09,32.49,29.4,26.97,27.13,85,56,no,7.48,57.85,17.38
10,1008.7,28.5,26.49,23.91,23.79,87,84,no,0.18,217.61,11.83
31,1010.0,32.01,29.78,28.54,25.8,79,73,no,6.93,216.11,25.18
23,1021.88,16.62,15.71,13.44,14.06,93,87,yes,0.07,20.79,18.53
28,1014.43,26.19,23.89,22.84,19.95,76,67,yes,6.15,91.59,30.41
8,1005.8,31.28,28.3,26.18,25.59,86,80,no,6.4,,
24,1009.61,28.89,26.42,24.22,24.75,90,84,no,3.2,177.14,13.35
14,1017.11,15.4,14.63,13.87,11.06,78,93,yes,0.2,70.03,37.25
22,1010.53,26.24,23.79,21.1,21.65,91,81,yes,1.19,305.79,10.85
12,1005.84,25.31,22.26,20.94,21.52,98,93,yes,0.21,39.46,15.02
4,1018.62,21.1,18.32,15.68,15.71,85,91,no,0.07,67.49,41.79
9,1012.47,31.27,28.37,26.09,23.07,74,48,no,8.3,65.01,24.52
14,1007.12,28.94,26.52,25.63,25.06,89,88,no,0.01,209.3,13.02
22,1011.91,28.18,24.72,21.68,21.66,87,80,yes,4.89,34.06,7.32
8,1013.16,28.38,25.17,22.98,22.92,86,85,yes,2.34,37.44,8.95
2,1008.18,32.46,30.13,28.34,25.58,81,73,no,7.32,236.32,31.71
13,1016.64,21.24,20.6,18.98,17.37,83,83,yes,0.56,45.87,19.95
31,1026.59,20.54,17.49,15.47,13.37,73,66,no,5.74,15.58,23.94
2,1019.83,21.87,20.64,19.76,16.79,77,93,no,-0.06,25.26,27.56
13,1003.83,29.09,27.66,26.53,25.05,84,88,yes,-0.21,226.23,16.46
6,1016.07,28.25,25.6,24.82,21.85,81,82,yes,6.77,65.34,27.76
11,1006.16,27.91,26.42,25.52,25.25,94,85,yes,0.01,229.17,20.61
27,1008.09,31.97,29.73,26.73,26.15,83,57,yes,7.28,63.89,17.86
16,1007.75,32.23,29.16,26.73,25.39,82,84,yes,7.32,222.09,12.2
8,1005.36,31.97,28.49,26.37,25.23,85,79,yes,6.13,,
8,1012.49,21.34,20.27,18.94,18.58,93,87,no,0.34,45.27,14.92
16,1015.04,28.21,24.59,23.04,21.16,77,19,no,8.8,79.75,13.78
4,1011.42,29.3,27.08,24.36,23.12,84,89,yes,1.31,57.98,52.49
30,1017.64,29.77,27.04,25.45,22.98,81,52,no,8.27,94.14,16.37
13,1014.1,27.67,25.9,24.56,22.92,89,87,yes,3.11,68.73,27.88
12,1005.57,31.55,28.36,25.89,26.18,87,81,yes,1.94,159.07,12.59
7,1010.64,30.93,28.65,26.66,25.4,80,70,no,4.44,168.06,12.37
2,1024.59,11.17,10.39,9.04,6.85,80,95,no,0.18,12.04,26.73
23,1008.23,34.82,30.84,28.47,25.19,73,37,yes,11.37,173.15,9.05
21,1019.06,16.1,14.35,10.27,12.65,93,100,no,0.17,48.73,35.46
25,1006.48,34.69,29.86,27.71,22.89,64,22,yes,9.01,9.26,10.23
5,1008.13,29.05,26.34,25.21,24.61,92,81,no,2.72,24.81,10.61
6,1025.8,18.24,13.62,9.84,1.65,36,2,no,9.93,16.88,19.98
18,1007.49,32.32,30.12,28.23,26.55,84,82,yes,8.55,234.33,20.18
30,1025.02,18.76,17.35,15.27,13.57,79,85,no,1.4,14.71,20.74
20,1023.34,20.42,15.67,12.43,8.91,67,56,no,6.01,20.84,23.94
20,1009.42,31.01,29.07,27.24,24.32,78,73,yes,7.69,198.95,15.33
9,1011.28,29.37,27.1,24.75,21.35,69,46,no,7.34,16.6,20.25
26,1022.93,15.68,13.39,9.89,11.56,91,95,yes,-0.03,22.51,29.79
14,1007.99,29.41,27.46,26.4,25.33,88,83,no,0.04,223.13,21.71
2,1012.0,29.98,26.6,24.61,23.85,83,87,yes,1.56,60.71,51.82
13,1018.99,24.75,22.96,21.53,17.13,66,87,no,0.01,50.88,28.71
5,1013.7,26.59,23.18,21.37,21.75,92,82,yes,6.84,67.59,20.02
9,1013.42,26.49,23.85,21.38,20.17,76,85,yes,0.78,26.46,29.95
12,1017.69,24.34,23.68,23.86,21.06,85,89,no,0.43,81.32,41.4
31,1017.28,29.75,26.46,25.4,23.3,80,54,yes,8.43,104.71,16.07
27,1007.69,29.97,27.5,26.82,24.81,84,83,no,1.71,67.07,34.63
4,1018.34,22.43,20.41,19.41,19.54,90,88,no,0.96,51.47,17.33
5,1022.49,18.9,15.47,13.07,10.46,75,44,no,9.22,34.79,8.72
11,1000.2,31.61,28.89,26.1,24.92,80,89,yes,2.64,238.8,18.92
18,1021.76,15.52,14.19,11.84,11.85,90,95,yes,0.21,42.24,18.74
18,1011.41,20.27,17.94,14.84,15.7,89,80,yes,1.6,20.07,23.11
19,1009.14,33.99,30.68,28.44,26.61,77,60,no,8.92,168.26,11.43
8,1002.53,33.05,30.74,28.35,24.96,72,41,no,10.03,290.72,10.64
6,1008.97,29.1,26.45,24.46,24.67,92,80,yes,2.47,21.14,10.94
16,1023.96,17.76,13.7,11.56,6.75,64,88,yes,-0.38,23.69,33.2
6,1018.55,24.21,21.48,19.58,17.94,83,50,no,7.82,18.75,14.92
8,1013.84,27.77,25.04,23.42,23.34,87,84,no,2.42,40.57,9.29
20,1005.44,31.07,29.52,27.33,26.3,83,68,yes,5.04,262.55,5.75
6,1024.41,17.83,13.82,11.23,0.4,38,12,yes,9.84,15.81,44.99
5,1013.94,27.21,25.85,25.28,25.62,97,86,yes,0.51,89.98,30.57
15,1016.63,21.39,20.68,19.18,16.75,81,85,yes,0.53,48.71,20.38
28,1016.75,29.09,26.63,25.53,23.03,83,47,yes,9.58,112.32,15.73
29,1010.32,33.4,29.53,27.34,27.12,88,80,no,3.76,158.0,23.09
4,1012.16,28.22,23.58,20.9,21.34,89,83,yes,1.77,122.2,8.78
9,1012.9,27.48,24.97,23.27,23.04,88,84,yes,2.48,41.66,9.89
7,1007.68,29.41,27.31,24.26,25.84,92,88,no,0.35,130.33,25.22
26,1009.39,28.47,25.76,24.14,24.75,89,82,no,3.27,184.11,13.17
10,998.66,36.21,30.9,26.65,26.64,75,56,yes,9.95,282.46,25.01
8,1012.15,31.13,28.4,26.4,22.61,75,44,yes,10.14,69.37,26.43
10,1005.41,31.81,27.28,26.68,25.67,86,79,yes,6.58,,
12,1010.96,30.5,28.05,25.97,23.34,76,65,no,6.83,94.38,22.64
17,1016.01,29.16,26.09,23.86,23.63,84,19,no,7.99,79.96,7.91
7,1010.53,30.71,28.67,26.88,24.86,80,69,yes,4.97,172.93,11.79
18,1016.98,18.06,14.94,11.63,10.72,77,50,no,3.93,48.22,29.27
8,1012.83,27.07,26.32,24.91,25.82,92,85,no,0.57,139.38,12.29
10,1004.18,30.93,28.05,24.95,25.36,86,89,no,0.63,228.98,19.75
24,1023.02,16.93,15.06,13.17,14.17,92,87,no,-0.15,13.36,19.49
27,1024.73,17.96,15.47,14.04,11.86,79,80,no,4.93,16.59,8.39
17,1015.74,28.65,26.0,23.85,23.13,85,20,yes,8.3,72.38,7.91
25,1020.22,21.38,18.09,16.31,13.31,75,89,no,0.73,8.79,26.99
21,1009.27,33.89,30.48,28.27,24.74,76,32,no,9.68,219.05,10.22
5,1014.19,26.78,25.85,25.19,25.21,96,87,no,0.41,101.34,30.5
23,1007.93,27.76,24.86,22.79,22.74,88,82,no,0.31,244.42,14.05
15,1017.16,27.92,25.52,22.89,19.7,76,51,yes,7.32,63.94,25.01
8,1023.07,18.78,17.5,15.09,11.74,71,86,yes,1.13,11.6,21.72
31,1009.01,32.36,29.99,27.18,26.06,79,74,no,9.9,214.07,23.34
7,1009.77,29.94,28.49,26.77,25.16,83,85,yes,3.12,181.56,15.3
3,1006.41,32.44,29.8,29.02,26.87,80,77,no,5.09,220.28,27.82
30,1005.09,31.47,29.32,27.29,19.91,57,52,yes,10.37,231.22,15.12
13,1005.1,25.36,22.2,20.62,21.3,97,94,no,-0.06,33.71,14.14
26,1016.44,26.57,26.26,25.64,21.91,77,78,no,2.95,77.1,37.06
2,1011.49,27.15,25.7,24.42,24.25,94,87,yes,-0.36,106.02,16.82
25,1008.16,35.48,30.68,28.78,25.31,73,38,yes,11.28,179.12,9.56
7,1023.91,19.17,14.5,11.86,4.44,53,1,no,10.03,41.4,16.93
18,1010.8,30.68,28.97,27.23,26.43,82,80,yes,2.22,203.45,19.6
2,1013.07,28.94,27.65,25.79,25.84,91,87,yes,0.43,67.94,19.04
25,1026.64,13.65,10.36,8.36,2.51,58,85,yes,0.2,28.02,21.12
21,1022.65,18.77,17.57,16.76,13.14,76,87,yes,-0.13,42.06,19.86
1,1020.81,24.02,22.44,20.62,17.93,72,60,no,4.35,13.83,29.29
13,1021.3,18.66,16.19,13.7,12.63,77,34,no,9.09,32.46,24.05
12,1017.48,25.17,23.58,22.25,21.02,82,86,yes,2.87,84.29,43.02
8,1016.43,29.05,26.46,26.04,23.44,85,70,no,5.8,67.79,17.93
6,1021.29,18.32,14.57,12.83,7.97,67,19,no,9.8,14.82,24.1
20,1009.25,33.88,30.52,29.11,25.83,75,50,no,9.66,197.97,13.31
20,1020.23,17.19,15.42,15.51,13.35,89,91,yes,-0.24,75.08,50.81
17,1013.78,25.74,25.22,23.22,23.57,94,73,no,2.03,77.46,26.02
20,1009.23,31.04,28.63,26.36,24.04,78,75,yes,7.29,199.56,13.39
21,1005.62,28.05,26.47,24.37,24.03,87,76,no,2.07,230.78,24.9
21,1007.69,31.09,27.47,25.46,22.6,76,62,yes,5.64,22.09,11.69
2,1014.12,25.57,21.85,20.0,19.47,87,84,yes,3.46,52.74,8.83
18,1025.36,18.36,15.71,13.44,8.6,63,72,yes,1.95,32.97,29.5
17,1013.46,27.19,24.95,24.52,23.72,89,51,no,6.92,79.79,18.37
14,1017.08,27.85,24.96,22.62,20.21,74,52,yes,7.4,73.56,24.11
1,1011.46,32.27,28.43,26.68,24.61,77,54,no,11.45,94.31,9.05
7,1023.2,19.08,17.45,15.66,11.69,73,87,yes,0.13,7.36,20.91
19,1023.76,20.2,15.93,12.37,9.81,66,55,yes,5.99,22.44,24.11
2,1007.88,32.64,29.83,28.46,26.75,80,73,yes,7.04,229.79,31.15
4,1006.5,32.31,30.18,27.73,26.19,79,84,yes,7.09,178.86,32.25
2,1021.01,24.24,18.44,15.45,13.82,74,46,yes,10.45,41.07,13.99
8,1001.3,33.76,31.33,27.99,25.28,75,45,yes,10.35,283.2,23.21
3,1011.38,28.29,25.77,23.03,23.39,87,81,no,2.55,37.85,9.05
28,1007.73,31.19,29.15,27.09,26.29,84,78,yes,3.56,201.57,18.88
8,1016.48,30.45,26.82,24.47,23.27,82,59,yes,7.77,40.31,11.99
26,1025.03,17.7,14.87,13.62,11.69,79,79,no,5.25,19.56,9.37
7,1023.33,19.66,17.35,15.57,11.73,73,87,yes,0.65,11.21,21.64
31,1020.63,26.99,25.69,24.05,21.59,78,65,yes,5.34,79.73,39.91
27,1007.14,31.98,29.08,25.71,26.48,86,83,yes,4.5,215.25,26.86
18,1010.4,30.06,29.15,27.52,26.49,83,82,no,2.51,199.94,19.0
22,1016.93,25.56,24.64,23.95,20.6,80,83,no,0.17,75.24,39.26
26,1007.68,30.11,27.75,26.68,25.25,85,81,no,1.98,101.9,14.37
23,1021.54,17.12,15.83,13.54,14.08,93,89,no,0.18,25.74,18.56
10,1010.06,26.08,22.96,21.49,22.35,92,93,no,-0.07,189.24,21.2
21,1009.92,31.28,28.24,27.48,24.06,77,74,yes,7.7,190.57,14.63
23,1020.3,17.46,16.09,14.9,15.09,91,89,no,0.28,48.36,25.12
28,1024.69,24.56,19.01,14.44,10.21,62,19,yes,10.62,42.12,16.17
16,1010.94,27.6,25.99,24.51,24.02,89,86,no,1.26,185.61,16.57
5,1015.99,22.13,20.74,20.66,19.36,95,82,yes,0.44,39.99,13.15
13,1008.95,21.7,19.96,20.02,19.06,94,87,yes,-0.05,67.93,30.32
15,1007.06,29.84,28.61,26.4,25.99,86,84,yes,-0.03,238.31,14.78
19,1015.1,31.32,29.08,26.54,24.35,77,48,yes,8.41,71.41,15.25
30,1024.82,19.12,17.08,15.67,13.7,77,86,yes,0.96,27.86,21.01
15,1019.12,20.47,18.46,16.51,12.66,69,70,no,2.07,13.68,26.94
15,1025.48,15.45,13.06,10.69,6.05,62,90,yes,0.8,20.98,23.9
21,1022.26,18.9,17.51,17.12,13.1,76,87,yes,-0.07,40.91,18.84
5,1016.01,26.67,25.45,24.81,22.32,84,81,yes,0.34,81.39,30.58
2,1019.58,25.64,24.19,22.29,18.51,74,83,no,2.46,72.73,31.89
23,1008.5,28.64,26.55,24.5,23.08,82,66,yes,6.39,21.65,7.42
25,1005.15,32.13,29.9,28.27,25.2,78,38,yes,10.96,228.99,20.7
3,1011.24,30.34,26.06,22.96,23.91,87,83,yes,3.17,217.15,11.34
15,1011.21,23.51,21.35,20.97,20.68,97,88,no,-0.17,29.64,20.52
6,1009.13,28.95,26.06,24.56,24.57,91,80,no,1.91,18.98,11.6
27,1007.18,29.79,27.78,27.0,25.19,85,84,no,1.55,62.35,35.12
24,1007.07,30.26,27.14,25.35,24.6,82,61,no,7.83,179.5,7.37
29,1013.9,26.54,24.15,22.87,19.76,76,67,no,6.17,85.9,30.28
14,1014.25,27.22,23.77,22.63,21.44,82,74,yes,5.36,27.88,14.33
1,1013.71,31.51,28.71,26.27,25.37,81,85,no,2.8,25.32,7.79
2,1014.37,24.7,21.9,19.74,19.46,85,84,no,3.89,52.72,7.97
28,1024.25,16.7,15.96,13.54,11.41,78,78,yes,5.05,24.06,8.43
11,1016.47,23.1,19.99,17.98,15.29,76,73,no,6.25,60.52,20.62
15,1009.36,31.18,29.2,26.77,26.42,85,88,yes,0.36,231.99,18.11
25,1009.31,28.7,27.2,26.03,24.23,86,88,no,1.27,201.54,24.01
14,1015.08,25.13,23.09,20.87,22.32,92,87,no,0.16,73.51,29.31
5,1015.74,27.62,26.37,25.5,24.77,94,88,no,0.79,99.62,36.66
5,1010.38,30.57,28.68,27.02,25.1,82,84,yes,3.08,192.62,15.4
8,1011.79,30.97,28.42,27.61,25.22,83,80,no,3.67,141.41,9.53
28,1024.51,17.33,15.98,14.4,11.78,78,80,no,4.62,18.0,8.39
1,1011.67,23.32,22.15,20.22,21.16,91,91,no,0.37,52.98,23.35
1,1026.13,19.72,18.36,16.85,13.48,72,50,yes,9.06,78.54,26.03
27,1007.71,31.23,29.06,27.63,25.35,81,79,no,1.26,41.28,16.46
15,1013.83,29.72,25.72,23.23,20.3,73,21,yes,10.5,29.87,9.54
6,1013.33,24.48,22.5,20.11,20.73,91,78,yes,0.89,43.64,14.63
4,1010.37,30.76,28.29,25.97,25.05,83,84,no,1.81,187.28,15.11
27,1008.65,29.4,26.58,25.43,23.83,86,82,yes,3.37,226.84,20.25
16,1024.41,14.42,12.83,11.24,8.87,77,90,yes,0.2,23.94,19.26
29,1021.42,19.62,17.77,16.02,9.78,60,73,no,2.08,50.47,20.86
23,1002.54,33.6,30.85,28.5,24.04,69,48,yes,7.66,6.42,11.07
27,1007.28,32.99,28.86,26.11,20.79,61,30,yes,11.08,13.87,17.42
8,1005.79,34.36,30.28,27.98,25.4,76,52,yes,10.42,269.05,11.27
11,1000.07,31.31,29.29,26.13,25.07,80,87,no,2.68,242.42,18.63
9,1012.58,23.12,20.89,16.74,19.92,96,89,no,0.38,47.59,15.35
4,1013.34,28.03,26.66,24.64,25.78,93,95,yes,0.25,118.66,50.53
13,1016.99,20.9,20.68,19.36,17.01,82,83,yes,0.45,50.21,20.3
3,1013.09,29.0,27.25,25.93,26.12,90,86,no,0.76,60.59,18.2
16,1014.68,16.41,15.43,13.91,13.03,89,100,no,0.03,55.88,33.08
2,1005.79,33.12,30.59,28.87,26.37,79,59,yes,10.02,230.24,27.4
22,1008.73,29.0,27.33,24.49,23.78,80,64,no,6.41,19.07,8.39
27,1024.03,20.3,15.72,12.52,10.17,68,22,no,11.19,71.78,12.87
3,1008.01,31.99,28.93,27.18,25.4,82,83,no,1.81,188.15,25.36
12,1018.05,21.25,20.48,18.33,16.35,78,89,no,-0.19,12.26,39.09
6,1003.02,33.42,30.72,28.17,24.71,72,41,yes,9.86,291.77,11.12
8,1012.71,22.94,21.48,17.21,18.95,94,88,yes,0.96,45.17,14.61
16,1025.26,15.21,12.96,10.92,6.17,62,89,yes,0.88,22.88,23.48
2,1014.98,26.92,22.59,21.1,20.43,86,89,yes,2.56,48.1,9.79
25,1005.12,34.61,30.69,27.52,23.51,66,23,yes,9.12,21.4,11.21
23,1010.31,32.89,30.29,27.9,25.4,76,29,yes,11.38,239.62,14.31
6,1006.2,33.36,29.52,27.76,24.21,75,26,no,10.67,221.46,7.96
7,1021.37,18.42,16.48,15.95,12.29,75,91,yes,-0.05,2.61,28.11
9,1023.77,19.76,15.15,11.62,4.24,52,0,yes,10.14,45.59,16.24
8,1011.92,27.56,25.49,24.59,23.55,86,88,yes,1.1,203.13,16.43
14,1014.98,28.87,24.55,22.92,20.88,77,20,no,9.07,94.0,14.3
9,1012.04,30.93,28.52,26.29,23.88,75,46,no,8.17,60.56,23.66
8,998.35,34.37,30.78,26.37,24.75,72,81,yes,10.25,222.41,26.1
22,1020.58,20.24,19.49,18.71,17.76,86,87,yes,0.04,60.11,28.23
24,1027.29,10.36,8.6,6.7,3.74,70,94,yes,-0.07,15.5,55.15
6,1008.31,32.51,29.0,27.88,24.83,80,42,yes,9.92,238.94,24.98
10,1017.51,18.62,18.25,17.2,15.91,84,92,yes,0.16,77.73,37.67
3,1010.66,28.39,26.05,24.26,24.85,94,88,no,-0.12,110.03,16.35
19,1016.65,25.95,24.63,24.61,21.83,81,73,yes,1.02,77.49,31.54
10,1011.72,27.19,25.62,24.18,23.04,85,88,yes,1.39,194.52,16.94
15,1014.04,29.38,25.7,22.92,20.51,72,20,no,10.55,34.05,10.42
29,1007.79,32.72,29.03,26.06,26.75,84,83,yes,4.44,222.87,25.51
9,1004.72,30.57,28.19,24.91,25.21,86,89,yes,0.67,233.14,20.15
5,1008.05,32.33,29.15,28.14,25.88,79,44,no,9.6,238.79,24.74
25,1007.82,29.37,27.23,26.39,25.06,86,84,no,1.68,70.28,35.13
4,1012.65,24.42,21.59,20.71,20.86,92,78,no,0.84,34.31,15.38
12,1013.07,30.89,27.83,26.21,21.38,69,49,yes,9.12,52.25,40.19
20,1017.11,25.76,24.42,24.35,21.28,82,73,yes,1.19,75.11,30.74
3,1019.07,22.22,20.71,18.69,19.04,89,89,yes,1.1,54.17,16.93
17,1013.41,17.0,16.37,15.83,15.44,94,92,yes,0.07,59.83,40.12
7,1014.21,26.51,25.99,25.43,25.81,98,86,no,0.24,95.39,31.03
1,1017.7,25.09,22.89,22.15,19.36,79,84,no,2.27,65.64,25.49
3,1013.64,28.61,27.52,25.73,25.8,91,88,yes,1.16,57.31,18.31
14,1012.34,31.64,27.75,25.72,22.07,72,45,yes,9.31,57.58,41.06
7,1005.94,29.98,27.2,23.78,25.15,89,84,no,3.32,190.4,12.32
5,1018.04,20.06,18.28,15.54,15.48,85,90,yes,0.14,74.38,41.03
31,1009.42,32.06,29.91,28.34,25.8,79,71,yes,7.11,222.28,24.73
25,1009.46,34.92,31.39,29.54,25.94,74,56,yes,9.64,158.27,12.37
12,1005.45,27.64,26.31,25.55,25.59,92,86,no,0.01,224.55,20.6
1,1024.47,11.32,10.8,9.09,7.02,80,95,no,0.12,14.27,27.89
28,1007.85,35.11,31.25,28.91,26.88,79,61,yes,8.88,51.01,16.07
10,1008.77,26.14,23.35,21.35,22.08,92,92,yes,-0.16,190.71,20.68
25,1006.06,31.75,29.74,27.3,24.66,76,23,yes,10.9,232.5,17.6
19,1015.97,29.46,26.25,23.74,23.58,85,19,no,7.97,78.83,7.1
4,1016.83,23.11,21.16,19.15,16.42,78,83,yes,0.34,34.19,13.09
15,1007.02,31.73,29.4,28.21,26.21,83,88,no,1.73,230.52,23.82
24,1017.41,25.91,22.18,18.49,16.22,69,43,yes,6.83,22.26,28.35
11,1013.27,22.37,19.02,17.21,18.65,96,85,no,0.33,29.87,12.88
13,1012.15,26.5,23.1,21.12,21.23,89,76,no,3.34,197.71,10.72
12,1018.24,22.08,20.75,18.84,16.72,79,87,no,0.11,20.85,37.56
13,1019.8,18.35,18.05,16.35,13.52,80,87,yes,0.62,33.6,23.92
4,1012.59,28.02,23.39,20.44,21.14,87,84,no,2.07,112.59,8.04
28,1017.14,29.28,26.44,25.49,23.15,82,46,no,9.43,109.82,16.46
10,1012.31,31.59,27.89,26.29,23.13,73,43,yes,10.27,67.39,26.25
30,1006.16,29.45,27.64,26.84,24.58,85,86,yes,3.15,229.26,10.57
3,1022.36,18.95,15.72,12.88,10.54,77,46,yes,9.27,42.43,9.78
1,1012.09,32.66,29.01,26.9,24.55,77,53,yes,11.85,99.07,10.08
3,1016.84,24.76,23.36,22.38,19.38,80,70,no,6.36,69.55,16.47
30,1018.29,21.76,20.44,18.37,16.46,79,90,no,2.02,40.01,15.01
20,1009.41,30.93,29.1,27.04,24.22,77,74,yes,7.81,199.24,14.94
3,1015.54,23.71,21.15,19.88,19.58,90,80,no,1.59,31.81,14.49
30,1017.89,22.24,20.33,18.17,16.0,79,88,no,2.07,36.63,15.11
25,1009.12,26.08,24.7,23.36,23.23,92,84,no,1.0,193.46,8.7
14,1007.87,25.26,23.38,21.38,23.27,98,87,yes,0.15,28.91,12.03
13,1006.59,30.47,29.06,26.26,26.37,86,82,no,0.48,234.65,14.71
9,1015.75,30.29,26.42,24.42,23.47,83,57,yes,7.75,44.52,12.89
24,1008.63,27.77,25.07,22.53,22.61,88,82,no,0.03,237.5,13.2
14,1017.4,15.72,15.04,13.94,10.92,79,93,no,0.11,67.79,38.37
3,1008.1,32.76,29.19,26.38,24.08,74,30,no,5.62,5.06,5.14
2,1011.82,29.17,26.53,24.59,23.61,83,89,no,1.23,54.87,53.58
5,1010.6,32.39,28.98,26.88,24.64,79,38,yes,10.95,214.33,10.96
13,1005.59,29.15,27.26,25.13,26.03,92,97,yes,0.02,226.31,29.43
22,1020.28,19.91,20.13,18.36,17.86,86,87,no,0.15,51.88,27.23
11,1000.53,31.74,28.55,26.25,25.25,80,87,yes,2.81,238.97,18.9
15,1007.22,28.66,26.8,25.62,25.79,90,89,yes,0.15,205.56,13.01
24,1008.74,35.45,31.42,29.01,26.46,73,40,yes,10.34,148.79,9.38
9,1013.23,27.33,25.3,23.55,22.7,87,85,no,2.86,38.47,10.41
6,1020.82,18.83,14.63,12.24,8.25,66,18,yes,10.05,17.75,24.02
6,1012.83,24.51,22.04,20.78,20.42,91,79,no,1.06,35.28,14.85
31,1009.29,31.88,29.74,28.73,25.45,80,73,yes,7.15,219.46,24.83
30,1009.03,31.98,29.94,27.69,26.51,81,74,no,9.76,220.41,22.18
7,1000.61,34.64,31.11,27.81,25.47,74,47,no,10.23,275.26,23.73
10,1007.14,32.97,29.31,26.0,25.45,80,78,yes,6.59,221.0,13.36
6,1025.0,17.52,14.19,11.47,0.37,39,13,no,10.78,22.58,44.66
23,1006.47,31.89,29.07,27.44,25.01,77,23,yes,11.31,229.69,18.19
1,1009.24,33.32,29.91,27.4,25.71,79,79,no,5.19,188.73,22.11
12,1021.11,18.78,16.93,14.5,12.17,78,33,no,9.45,24.68,24.87
6,1015.56,28.0,26.11,25.45,25.26,94,87,yes,0.95,103.65,37.09
5,1007.8,32.93,29.04,27.09,24.08,74,29,yes,6.02,9.82,4.11
19,1022.43,18.41,17.79,17.07,12.65,76,89,no,-0.01,40.56,19.2
25,1020.44,19.63,17.95,17.14,13.2,73,87,no,0.6,32.85,21.36
11,1019.17,25.09,23.36,21.23,17.0,67,87,no,-0.01,50.19,27.9
28,1005.64,31.3,29.54,27.5,20.22,55,54,yes,10.44,238.46,14.83
3,1023.61,20.88,16.55,14.23,11.4,71,33,no,10.79,59.11,27.34
24,1020.37,17.68,15.09,12.54,15.02,97,98,yes,-0.18,76.6,41.34
4,1007.7,33.58,29.26,26.8,23.64,73,30,no,5.59,5.7,3.67
7,1023.52,18.87,17.1,15.12,12.06,72,85,yes,1.27,14.02,22.19
5,1007.48,32.86,28.95,25.59,26.37,88,87,no,5.37,133.31,22.07
18,1020.51,18.13,15.93,15.5,12.38,79,85,yes,1.16,63.24,38.85
24,1008.9,35.29,31.55,28.69,25.99,74,38,yes,10.71,148.63,8.42
10,1011.43,27.51,25.71,24.34,23.17,86,87,yes,1.27,202.92,18.08
21,1005.7,30.88,29.36,26.75,26.26,83,68,yes,5.52,275.71,6.58
15,1015.02,16.41,15.34,13.69,13.16,91,99,yes,-0.06,57.39,33.61
20,1008.73,28.35,28.02,25.68,23.52,82,89,no,0.5,193.1,12.24
9,1013.81,26.81,24.91,21.28,20.08,77,86,yes,0.16,19.89,30.12
24,1008.87,34.01,30.83,28.6,24.48,73,22,yes,12.21,237.94,15.4
9,1004.32,30.18,28.37,25.1,25.4,84,87,yes,0.54,226.6,21.12
22,1021.94,16.06,15.62,15.14,10.62,78,81,no,-0.16,74.63,43.95
4,1021.53,21.23,19.73,17.89,14.86,74,87,yes,0.79,53.73,38.21
24,1008.55,29.43,26.96,25.21,23.41,82,66,yes,6.28,11.77,8.32
10,1012.3,22.55,20.87,17.52,20.3,95,87,no,0.55,47.57,15.01
7,1013.31,28.17,25.46,23.02,22.52,88,84,yes,2.61,32.08,8.95
25,1032.69,10.87,7.45,4.05,4.09,47,26,no,10.16,25.34,29.27
23,1020.58,17.19,15.99,14.37,14.61,91,87,yes,0.39,51.83,24.82
29,1007.87,32.33,29.69,27.92,25.7,80,72,no,9.69,223.9,22.75
22,1008.39,29.75,26.64,24.22,23.8,82,64,no,6.58,20.84,8.22
26,1027.81,17.45,14.69,13.88,11.53,80,87,no,0.27,28.89,15.21
8,1023.37,19.56,14.52,11.73,4.56,52,0,yes,10.3,42.49,17.31
18,1014.38,26.71,22.96,20.17,20.72,87,81,yes,1.13,80.4,19.41
28,1009.89,33.06,29.28,26.96,26.41,88,79,yes,4.08,159.95,23.1
10,1014.7,22.23,18.79,17.15,16.39,86,80,yes,2.51,35.88,14.99
5,1006.79,33.09,30.42,27.66,25.89,78,83,no,6.64,176.32,33.1
10,1005.07,30.5,28.1,25.11,24.95,86,89,yes,0.53,223.96,20.27
1,1011.56,23.2,21.75,20.45,20.82,91,89,yes,0.46,46.72,24.5
13,1009.89,27.87,25.25,24.07,21.3,81,77,no,5.3,68.84,28.86
11,1005.63,27.67,26.19,25.63,25.81,94,84,yes,0.07,224.49,19.66
1,1011.53,32.55,28.78,27.48,24.54,79,53,yes,11.51,102.14,10.52
7,998.6,35.92,32.28,30.34,23.86,61,55,yes,10.95,288.53,16.57
23,1000.3,32.0,30.57,28.47,24.43,71,49,yes,6.03,13.71,12.22
27,1020.34,20.91,18.29,16.01,8.01,52,45,no,3.41,26.11,35.06
26,1007.88,30.52,28.41,25.86,24.52,83,61,no,8.71,99.91,15.34
27,1008.1,31.78,28.89,27.54,25.23,80,79,yes,0.85,40.44,17.0
15,1015.43,16.26,15.62,13.85,13.85,90,100,no,0.01,54.73,32.36
8,1020.78,18.77,18.02,17.32,14.14,79,78,no,3.15,71.6,39.36
13,1017.45,16.54,15.18,14.06,12.67,82,90,yes,0.88,23.43,25.53
9,1011.86,31.05,28.56,26.81,22.72,73,43,yes,9.81,73.98,26.85
16,1008.55,32.26,30.11,28.1,26.94,82,82,yes,8.06,227.97,21.03
7,1022.29,21.25,19.34,17.29,14.57,79,55,yes,3.54,35.51,21.79
22,1009.79,34.11,30.76,28.58,25.72,74,33,yes,9.4,227.47,11.12
21,1006.73,26.01,25.61,24.26,24.57,94,89,yes,0.07,38.77,23.25
17,1006.62,31.6,29.2,27.63,25.75,83,88,no,1.66,232.85,22.71
19,1010.53,31.26,29.44,27.51,25.71,82,81,yes,2.46,194.08,20.0
8,1011.26,29.22,26.77,24.69,21.01,71,46,no,7.42,15.13,19.47
2,1011.52,23.68,22.66,20.47,21.48,93,90,no,0.31,50.35,24.09
12,1003.71,29.2,28.18,26.92,24.89,84,89,yes,-0.53,224.21,16.24
5,1016.37,21.0,20.43,20.3,19.78,96,80,no,0.23,42.04,13.95
29,1017.75,17.52,17.03,15.82,15.76,95,91,yes,0.06,44.51,24.72
14,1005.15,31.83,29.51,29.02,26.96,83,89,no,1.07,217.42,24.9
5,1021.28,21.16,19.52,18.53,14.93,74,88,no,0.71,55.83,37.41
14,1011.86,29.97,26.68,24.26,23.93,86,74,no,7.81,47.65,15.47
30,1025.17,19.25,17.54,14.72,13.02,79,85,yes,1.49,20.01,20.7
16,1013.98,25.92,24.91,23.65,23.48,94,75,yes,2.47,81.3,25.54
6,1022.6,19.3,17.19,15.58,12.3,71,86,yes,0.88,5.41,22.11
23,1007.97,31.37,27.39,25.47,23.78,81,62,no,7.56,182.12,6.35
23,1017.03,28.16,25.28,23.99,21.52,78,66,yes,8.22,82.07,28.88
4,1008.81,33.23,29.24,27.35,24.17,73,30,yes,6.11,9.66,4.41
26,1015.55,29.91,27.07,24.64,21.88,78,49,no,9.38,57.59,10.69
11,1008.91,28.84,25.44,23.72,19.75,76,62,no,8.84,78.0,25.57
19,1013.07,29.42,25.08,23.45,19.34,71,44,yes,9.99,64.01,8.02
11,1019.08,17.0,13.57,10.41,12.48,94,92,no,0.24,24.24,39.2
7,1009.27,30.71,27.82,26.2,22.83,74,60,no,8.7,65.97,28.95
1,1012.7,31.79,29.17,26.73,25.1,81,84,yes,3.16,22.85,7.67
30,1025.58,18.88,17.8,16.48,13.65,74,79,yes,4.45,66.33,33.53
31,1010.74,33.34,30.19,27.9,26.13,79,84,yes,6.23,188.89,24.32
14,1005.23,32.22,30.44,29.02,26.55,79,85,no,1.68,211.86,28.95
